iso_code,country,current_population,updated_datetime
CHN,China,"1,443,839,846",2021-06-02 12:55:28.499834
IND,India,"1,392,365,583",2021-06-02 12:55:28.499834
USA,United States,"332,764,085",2021-06-02 12:55:28.499834
IDN,Indonesia,"276,140,523",2021-06-02 12:55:28.499834
PAK,Pakistan,"224,866,511",2021-06-02 12:55:28.499834
BRA,Brazil,"213,882,580",2021-06-02 12:55:28.499834
NGA,Nigeria,"210,990,407",2021-06-02 12:55:28.499834
BGD,Bangladesh,"166,178,837",2021-06-02 12:55:28.499834
RUS,Russia,"145,913,619",2021-06-02 12:55:28.499834
MEX,Mexico,"130,158,702",2021-06-02 12:55:28.499834
JPN,Japan,"126,083,592",2021-06-02 12:55:28.499834
ETH,Ethiopia,"117,649,844",2021-06-02 12:55:28.499834
PHL,Philippines,"110,932,526",2021-06-02 12:55:28.499834
EGY,Egypt,"104,108,790",2021-06-02 12:55:28.499834
VNM,Vietnam,"98,104,510",2021-06-02 12:55:28.499834
COD,Dr Congo,"92,158,697",2021-06-02 12:55:28.499834
TUR,Turkey,"84,984,364",2021-06-02 12:55:28.499834
IRN,Iran,"84,949,750",2021-06-02 12:55:28.499834
DEU,Germany,"83,890,540",2021-06-02 12:55:28.499834
THA,Thailand,"69,939,124",2021-06-02 12:55:28.499834
GBR,United Kingdom,"68,181,501",2021-06-02 12:55:28.499834
FRA,France,"65,413,770",2021-06-02 12:55:28.499834
TZA,Tanzania,"61,360,968",2021-06-02 12:55:28.499834
ITA,Italy,"60,373,682",2021-06-02 12:55:28.499834
ZAF,South Africa,"59,984,872",2021-06-02 12:55:28.499834
KEN,Kenya,"54,890,893",2021-06-02 12:55:28.499834
MMR,Myanmar,"54,775,416",2021-06-02 12:55:28.499834
KOR,South Korea,"51,301,742",2021-06-02 12:55:28.499834
COL,Colombia,"51,234,366",2021-06-02 12:55:28.499834
UGA,Uganda,"47,015,377",2021-06-02 12:55:28.499834
ESP,Spain,"46,746,326",2021-06-02 12:55:28.499834
ARG,Argentina,"45,573,921",2021-06-02 12:55:28.499834
SDN,Sudan,"44,827,014",2021-06-02 12:55:28.499834
DZA,Algeria,"44,557,823",2021-06-02 12:55:28.499834
UKR,Ukraine,"43,487,254",2021-06-02 12:55:28.499834
IRQ,Iraq,"41,103,899",2021-06-02 12:55:28.499834
AFG,Afghanistan,"39,764,217",2021-06-02 12:55:28.499834
CAN,Canada,"38,042,373",2021-06-02 12:55:28.499834
POL,Poland,"37,801,303",2021-06-02 12:55:28.499834
MAR,Morocco,"37,311,154",2021-06-02 12:55:28.499834
SAU,Saudi Arabia,"35,298,617",2021-06-02 12:55:28.499834
UZB,Uzbekistan,"33,899,816",2021-06-02 12:55:28.499834
AGO,Angola,"33,850,076",2021-06-02 12:55:28.499834
PER,Peru,"33,329,363",2021-06-02 12:55:28.499834
MYS,Malaysia,"32,744,602",2021-06-02 12:55:28.499834
MOZ,Mozambique,"32,092,576",2021-06-02 12:55:28.499834
GHA,Ghana,"31,680,813",2021-06-02 12:55:28.499834
YEM,Yemen,"30,438,897",2021-06-02 12:55:28.499834
NPL,Nepal,"29,637,180",2021-06-02 12:55:28.499834
VEN,Venezuela,"28,686,739",2021-06-02 12:55:28.499834
MDG,Madagascar,"28,370,063",2021-06-02 12:55:28.499834
CMR,Cameroon,"27,171,412",2021-06-02 12:55:28.499834
CIV,Ivory Coast,"27,001,146",2021-06-02 12:55:28.499834
PRK,North Korea,"25,878,702",2021-06-02 12:55:28.499834
AUS,Australia,"25,765,531",2021-06-02 12:55:28.499834
NER,Niger,"25,058,582",2021-06-02 12:55:28.499834
TWN,Taiwan,"23,851,993",2021-06-02 12:55:28.499834
LKA,Sri Lanka,"21,490,735",2021-06-02 12:55:28.499834
BFA,Burkina Faso,"21,450,761",2021-06-02 12:55:28.499834
MLI,Mali,"20,808,631",2021-06-02 12:55:28.499834
MWI,Malawi,"19,607,326",2021-06-02 12:55:28.499834
CHL,Chile,"19,204,050",2021-06-02 12:55:28.499834
ROU,Romania,"19,136,426",2021-06-02 12:55:28.499834
KAZ,Kazakhstan,"18,978,027",2021-06-02 12:55:28.499834
ZMB,Zambia,"18,878,727",2021-06-02 12:55:28.499834
SYR,Syria,"18,226,777",2021-06-02 12:55:28.499834
GTM,Guatemala,"18,223,903",2021-06-02 12:55:28.499834
ECU,Ecuador,"17,869,292",2021-06-02 12:55:28.499834
SEN,Senegal,"17,161,123",2021-06-02 12:55:28.499834
NLD,Netherlands,"17,170,167",2021-06-02 12:55:28.499834
KHM,Cambodia,"16,928,792",2021-06-02 12:55:28.499834
TCD,Chad,"16,876,847",2021-06-02 12:55:28.499834
SOM,Somalia,"16,323,216",2021-06-02 12:55:28.499834
ZWE,Zimbabwe,"15,073,984",2021-06-02 12:55:28.499834
GIN,Guinea,"13,469,153",2021-06-02 12:55:28.499834
RWA,Rwanda,"13,251,467",2021-06-02 12:55:28.499834
BEN,Benin,"12,425,482",2021-06-02 12:55:28.499834
BDI,Burundi,"12,227,142",2021-06-02 12:55:28.499834
TUN,Tunisia,"11,926,858",2021-06-02 12:55:28.499834
BOL,Bolivia,"11,820,502",2021-06-02 12:55:28.499834
BEL,Belgium,"11,628,882",2021-06-02 12:55:28.499834
HTI,Haiti,"11,530,841",2021-06-02 12:55:28.499834
SSD,South Sudan,"11,366,578",2021-06-02 12:55:28.499834
CUB,Cuba,"11,318,160",2021-06-02 12:55:28.499834
DOM,Dominican Republic,"10,945,506",2021-06-02 12:55:28.499834
CZE,Czech Republic,"10,723,445",2021-06-02 12:55:28.499834
GRC,Greece,"10,374,729",2021-06-02 12:55:28.499834
JOR,Jordan,"10,261,906",2021-06-02 12:55:28.499834
AZE,Azerbaijan,"10,216,796",2021-06-02 12:55:28.499834
PRT,Portugal,"10,170,259",2021-06-02 12:55:28.499834
SWE,Sweden,"10,155,416",2021-06-02 12:55:28.499834
HND,Honduras,"10,050,696",2021-06-02 12:55:28.499834
ARE,United Arab Emirates,"9,983,120",2021-06-02 12:55:28.499834
TJK,Tajikistan,"9,733,290",2021-06-02 12:55:28.499834
HUN,Hungary,"9,636,270",2021-06-02 12:55:28.499834
BLR,Belarus,"9,443,403",2021-06-02 12:55:28.499834
PNG,Papua New Guinea,"9,105,633",2021-06-02 12:55:28.499834
AUT,Austria,"9,040,110",2021-06-02 12:55:28.499834
ISR,Israel,"8,779,357",2021-06-02 12:55:28.499834
CHE,Switzerland,"8,710,599",2021-06-02 12:55:28.499834
SRB,Serbia,"8,700,595",2021-06-02 12:55:28.499834
TGO,Togo,"8,462,653",2021-06-02 12:55:28.499834
SLE,Sierra Leone,"8,128,564",2021-06-02 12:55:28.499834
HKG,Hong Kong,"7,548,455",2021-06-02 12:55:28.499834
LAO,Laos,"7,371,360",2021-06-02 12:55:28.499834
PRY,Paraguay,"7,212,893",2021-06-02 12:55:28.499834
LBY,Libya,"6,952,014",2021-06-02 12:55:28.499834
BGR,Bulgaria,"6,900,676",2021-06-02 12:55:28.499834
LBN,Lebanon,"6,771,309",2021-06-02 12:55:28.499834
NIC,Nicaragua,"6,696,294",2021-06-02 12:55:28.499834
KGZ,Kyrgyzstan,"6,620,301",2021-06-02 12:55:28.499834
SLV,El Salvador,"6,516,023",2021-06-02 12:55:28.499834
TKM,Turkmenistan,"6,111,207",2021-06-02 12:55:28.499834
SGP,Singapore,"5,892,929",2021-06-02 12:55:28.499834
DNK,Denmark,"5,811,647",2021-06-02 12:55:28.499834
COG,Republic Of The Congo,"5,646,198",2021-06-02 12:55:28.499834
FIN,Finland,"5,547,734",2021-06-02 12:55:28.499834
NOR,Norway,"5,462,072",2021-06-02 12:55:28.499834
SVK,Slovakia,"5,460,693",2021-06-02 12:55:28.499834
OMN,Oman,"5,213,783",2021-06-02 12:55:28.499834
PSE,Palestine,"5,213,413",2021-06-02 12:55:28.499834
LBR,Liberia,"5,170,611",2021-06-02 12:55:28.499834
CRI,Costa Rica,"5,135,580",2021-06-02 12:55:28.499834
IRL,Ireland,"4,979,520",2021-06-02 12:55:28.499834
CAF,Central African Republic,"4,913,122",2021-06-02 12:55:28.499834
NZL,New Zealand,"4,857,598",2021-06-02 12:55:28.499834
MRT,Mauritania,"4,765,385",2021-06-02 12:55:28.499834
PAN,Panama,"4,376,427",2021-06-02 12:55:28.499834
KWT,Kuwait,"4,323,512",2021-06-02 12:55:28.499834
HRV,Croatia,"4,083,501",2021-06-02 12:55:28.499834
MDA,Moldova,"4,024,816",2021-06-02 12:55:28.499834
GEO,Georgia,"3,980,533",2021-06-02 12:55:28.499834
ERI,Eritrea,"3,597,198",2021-06-02 12:55:28.499834
URY,Uruguay,"3,484,269",2021-06-02 12:55:28.499834
MNG,Mongolia,"3,325,333",2021-06-02 12:55:28.499834
BIH,Bosnia And Herzegovina,"3,265,031",2021-06-02 12:55:28.499834
JAM,Jamaica,"2,972,524",2021-06-02 12:55:28.499834
ARM,Armenia,"2,967,757",2021-06-02 12:55:28.499834
QAT,Qatar,"2,926,316",2021-06-02 12:55:28.499834
ALB,Albania,"2,873,360",2021-06-02 12:55:28.499834
PRI,Puerto Rico,"2,831,073",2021-06-02 12:55:28.499834
LTU,Lithuania,"2,692,395",2021-06-02 12:55:28.499834
NAM,Namibia,"2,583,758",2021-06-02 12:55:28.499834
GMB,Gambia,"2,481,480",2021-06-02 12:55:28.499834
BWA,Botswana,"2,393,769",2021-06-02 12:55:28.499834
GAB,Gabon,"2,274,641",2021-06-02 12:55:28.499834
LSO,Lesotho,"2,157,741",2021-06-02 12:55:28.499834
MKD,North Macedonia,"2,082,743",2021-06-02 12:55:28.499834
SVN,Slovenia,"2,078,724",2021-06-02 12:55:28.499834
GNB,Guinea Bissau,"2,011,794",2021-06-02 12:55:28.499834
LVA,Latvia,"1,868,422",2021-06-02 12:55:28.499834
BHR,Bahrain,"1,744,710",2021-06-02 12:55:28.499834
GNQ,Equatorial Guinea,"1,446,253",2021-06-02 12:55:28.499834
TTO,Trinidad And Tobago,"1,403,062",2021-06-02 12:55:28.499834
TLS,Timor Leste,"1,341,909",2021-06-02 12:55:28.499834
EST,Estonia,"1,325,299",2021-06-02 12:55:28.499834
MUS,Mauritius,"1,273,319",2021-06-02 12:55:28.499834
CYP,Cyprus,"1,214,929",2021-06-02 12:55:28.499834
DJI,Djibouti,"1,001,105",2021-06-02 12:55:28.499834
FJI,Fiji,"902,422",2021-06-02 12:55:28.499834
RU,Reunion,"901,202",2021-06-02 12:55:28.499834
COM,Comoros,"886,971",2021-06-02 12:55:28.499834
GUY,Guyana,"790,041",2021-06-02 12:55:28.499834
BTN,Bhutan,"779,243",2021-06-02 12:55:28.499834
SLB,Solomon Islands,"702,658",2021-06-02 12:55:28.499834
MAC,Macau,"657,654",2021-06-02 12:55:28.499834
LUX,Luxembourg,"634,102",2021-06-02 12:55:28.499834
MNE,Montenegro,"628,053",2021-06-02 12:55:28.499834
ESH,Western Sahara,"610,765",2021-06-02 12:55:28.499834
SUR,Suriname,"591,402",2021-06-02 12:55:28.499834
CPV,Cape Verde,"561,443",2021-06-02 12:55:28.499834
MDV,Maldives,"543,275",2021-06-02 12:55:28.499834
MLT,Malta,"442,670",2021-06-02 12:55:28.499834
BRN,Brunei,"441,219",2021-06-02 12:55:28.499834
BLZ,Belize,"404,345",2021-06-02 12:55:28.499834
BHS,Bahamas,"396,628",2021-06-02 12:55:28.499834
MTQ,Martinique,"374,802",2021-06-02 12:55:28.499834
ISL,Iceland,"343,182",2021-06-02 12:55:28.499834
VUT,Vanuatu,"313,895",2021-06-02 12:55:28.499834
NCL,New Caledonia,"288,019",2021-06-02 12:55:28.499834
BRB,Barbados,"287,683",2021-06-02 12:55:28.499834
PYF,French Polynesia,"282,416",2021-06-02 12:55:28.499834
MYT,Mayotte,"279,003",2021-06-02 12:55:28.499834
STP,Sao Tome And Principe,"223,026",2021-06-02 12:55:28.499834
WSM,Samoa,"200,035",2021-06-02 12:55:28.499834
LCA,Saint Lucia,"184,343",2021-06-02 12:55:28.499834
GUM,Guam,"170,065",2021-06-02 12:55:28.499834
CUW,Curacao,"164,741",2021-06-02 12:55:28.499834
KIR,Kiribati,"121,250",2021-06-02 12:55:28.499834
FSM,Micronesia,"116,169",2021-06-02 12:55:28.499834
GRD,Grenada,"112,993",2021-06-02 12:55:28.499834
VCT,Saint Vincent And The Grenadines,"111,263",2021-06-02 12:55:28.499834
ABW,Aruba,"107,204",2021-06-02 12:55:28.499834
TON,Tonga,"106,675",2021-06-02 12:55:28.499834
VIR,United States Virgin Islands,"104,254",2021-06-02 12:55:28.499834
SYC,Seychelles,"98,880",2021-06-02 12:55:28.499834
ATG,Antigua And Barbuda,"98,674",2021-06-02 12:55:28.499834
IMN,Isle Of Man,"85,410",2021-06-02 12:55:28.499834
AND,Andorra,"77,355",2021-06-02 12:55:28.499834
DMA,Dominica,"72,167",2021-06-02 12:55:28.499834
CYM,Cayman Islands,"66,497",2021-06-02 12:55:28.499834
BMU,Bermuda,"62,090",2021-06-02 12:55:28.499834
MHL,Marshall Islands,"59,610",2021-06-02 12:55:28.499834
MNP,Northern Mariana Islands,"57,917",2021-06-02 12:55:28.499834
GRL,Greenland,"56,877",2021-06-02 12:55:28.499834
ASM,American Samoa,"55,100",2021-06-02 12:55:28.499834
KNA,Saint Kitts And Nevis,"53,544",2021-06-02 12:55:28.499834
FRO,Faroe Islands,"49,049",2021-06-02 12:55:28.499834
MAF,Sint Maarten,"43,412",2021-06-02 12:55:28.499834
MCO,Monaco,"39,511",2021-06-02 12:55:28.499834
MAF,Saint Martin,"39,234",2021-06-02 12:55:28.499834
TCA,Turks And Caicos Islands,"39,231",2021-06-02 12:55:28.499834
LIE,Liechtenstein,"38,250",2021-06-02 12:55:28.499834
SMR,San Marino,"34,017",2021-06-02 12:55:28.499834
GIB,Gibraltar,"33,698",2021-06-02 12:55:28.499834
PLW,Palau,"18,169",2021-06-02 12:55:28.499834
COK,Cook Islands,"17,565",2021-06-02 12:55:28.499834
AIA,Anguilla,"15,117",2021-06-02 12:55:28.499834
TUV,Tuvalu,"11,931",2021-06-02 12:55:28.499834
WLF,Wallis And Futuna,"11,094",2021-06-02 12:55:28.499834
NRU,Nauru,"10,876",2021-06-02 12:55:28.499834
BL,Saint Barthelemy,"9,907",2021-06-02 12:55:28.499834
SPM,Saint Pierre And Miquelon,"5,766",2021-06-02 12:55:28.499834
MSR,Montserrat,"4,977",2021-06-02 12:55:28.499834
FLK,Falkland Islands,"3,533",2021-06-02 12:55:28.499834
NIU,Niue,"1,619",2021-06-02 12:55:28.499834
TKL,Tokelau,"1,373",2021-06-02 12:55:28.499834
VAT,Vatican City,800,2021-06-02 12:55:28.499834
CHN,China,"1,443,852,922",2021-06-03 12:39:45.359468
IND,India,"1,392,401,845",2021-06-03 12:39:45.359468
USA,United States,"332,769,332",2021-06-03 12:39:45.359468
IDN,Indonesia,"276,148,213",2021-06-03 12:39:45.359468
PAK,Pakistan,"224,878,098",2021-06-03 12:39:45.359468
BRA,Brazil,"213,886,432",2021-06-03 12:39:45.359468
NGA,Nigeria,"211,004,666",2021-06-03 12:39:45.359468
BGD,Bangladesh,"166,183,169",2021-06-03 12:39:45.359468
RUS,Russia,"145,913,563",2021-06-03 12:39:45.359468
MEX,Mexico,"130,162,299",2021-06-03 12:39:45.359468
JPN,Japan,"126,082,452",2021-06-03 12:39:45.359468
ETH,Ethiopia,"117,657,711",2021-06-03 12:39:45.359468
PHL,Philippines,"110,936,501",2021-06-03 12:39:45.359468
EGY,Egypt,"104,113,987",2021-06-03 12:39:45.359468
VNM,Vietnam,"98,106,745",2021-06-03 12:39:45.359468
COD,Dr Congo,"92,166,318",2021-06-03 12:39:45.359468
TUR,Turkey,"84,986,392",2021-06-03 12:39:45.359468
IRN,Iran,"84,952,496",2021-06-03 12:39:45.359468
DEU,Germany,"83,890,885",2021-06-03 12:39:45.359468
THA,Thailand,"69,939,531",2021-06-03 12:39:45.359468
GBR,United Kingdom,"68,182,391",2021-06-03 12:39:45.359468
FRA,France,"65,414,201",2021-06-03 12:39:45.359468
TZA,Tanzania,"61,365,745",2021-06-03 12:39:45.359468
ITA,Italy,"60,373,466",2021-06-03 12:39:45.359468
ZAF,South Africa,"59,986,857",2021-06-03 12:39:45.359468
KEN,Kenya,"54,894,187",2021-06-03 12:39:45.359468
MMR,Myanmar,"54,776,479",2021-06-03 12:39:45.359468
KOR,South Korea,"51,301,862",2021-06-03 12:39:45.359468
COL,Colombia,"51,235,460",2021-06-03 12:39:45.359468
UGA,Uganda,"47,019,136",2021-06-03 12:39:45.359468
ESP,Spain,"46,746,287",2021-06-03 12:39:45.359468
ARG,Argentina,"45,575,029",2021-06-03 12:39:45.359468
SDN,Sudan,"44,829,875",2021-06-03 12:39:45.359468
DZA,Algeria,"44,559,866",2021-06-03 12:39:45.359468
UKR,Ukraine,"43,486,544",2021-06-03 12:39:45.359468
IRQ,Iraq,"41,106,521",2021-06-03 12:39:45.359468
AFG,Afghanistan,"39,766,692",2021-06-03 12:39:45.359468
CAN,Canada,"38,043,260",2021-06-03 12:39:45.359468
POL,Poland,"37,801,153",2021-06-03 12:39:45.359468
MAR,Morocco,"37,312,323",2021-06-03 12:39:45.359468
SAU,Saudi Arabia,"35,300,079",2021-06-03 12:39:45.359468
UZB,Uzbekistan,"33,901,065",2021-06-03 12:39:45.359468
AGO,Angola,"33,852,978",2021-06-03 12:39:45.359468
PER,Peru,"33,330,407",2021-06-03 12:39:45.359468
MYS,Malaysia,"32,745,700",2021-06-03 12:39:45.359468
MOZ,Mozambique,"32,095,025",2021-06-03 12:39:45.359468
GHA,Ghana,"31,682,596",2021-06-03 12:39:45.359468
YEM,Yemen,"30,440,695",2021-06-03 12:39:45.359468
NPL,Nepal,"29,638,492",2021-06-03 12:39:45.359468
VEN,Venezuela,"28,687,372",2021-06-03 12:39:45.359468
MDG,Madagascar,"28,372,054",2021-06-03 12:39:45.359468
CMR,Cameroon,"27,173,249",2021-06-03 12:39:45.359468
CIV,Ivory Coast,"27,002,970",2021-06-03 12:39:45.359468
PRK,North Korea,"25,878,992",2021-06-03 12:39:45.359468
AUS,Australia,"25,766,319",2021-06-03 12:39:45.359468
NER,Niger,"25,061,092",2021-06-03 12:39:45.359468
TWN,Taiwan,"23,852,098",2021-06-03 12:39:45.359468
LKA,Sri Lanka,"21,490,964",2021-06-03 12:39:45.359468
BFA,Burkina Faso,"21,452,371",2021-06-03 12:39:45.359468
MLI,Mali,"20,810,268",2021-06-03 12:39:45.359468
MWI,Malawi,"19,608,728",2021-06-03 12:39:45.359468
CHL,Chile,"19,204,339",2021-06-03 12:39:45.359468
ROU,Romania,"19,136,126",2021-06-03 12:39:45.359468
KAZ,Kazakhstan,"18,978,616",2021-06-03 12:39:45.359468
ZMB,Zambia,"18,880,184",2021-06-03 12:39:45.359468
SYR,Syria,"18,228,477",2021-06-03 12:39:45.359468
GTM,Guatemala,"18,224,805",2021-06-03 12:39:45.359468
ECU,Ecuador,"17,869,959",2021-06-03 12:39:45.359468
SEN,Senegal,"17,162,345",2021-06-03 12:39:45.359468
NLD,Netherlands,"17,170,269",2021-06-03 12:39:45.359468
KHM,Cambodia,"16,929,405",2021-06-03 12:39:45.359468
TCD,Chad,"16,878,172",2021-06-03 12:39:45.359468
SOM,Somalia,"16,324,477",2021-06-03 12:39:45.359468
ZWE,Zimbabwe,"15,074,616",2021-06-03 12:39:45.359468
GIN,Guinea,"13,470,129",2021-06-03 12:39:45.359468
RWA,Rwanda,"13,252,337",2021-06-03 12:39:45.359468
BEN,Benin,"12,426,370",2021-06-03 12:39:45.359468
BDI,Burundi,"12,228,125",2021-06-03 12:39:45.359468
TUN,Tunisia,"11,927,167",2021-06-03 12:39:45.359468
BOL,Bolivia,"11,820,935",2021-06-03 12:39:45.359468
BEL,Belgium,"11,629,002",2021-06-03 12:39:45.359468
HTI,Haiti,"11,531,218",2021-06-03 12:39:45.359468
SSD,South Sudan,"11,367,092",2021-06-03 12:39:45.359468
CUB,Cuba,"11,318,137",2021-06-03 12:39:45.359468
DOM,Dominican Republic,"10,945,791",2021-06-03 12:39:45.359468
CZE,Czech Republic,"10,723,484",2021-06-03 12:39:45.359468
GRC,Greece,"10,374,590",2021-06-03 12:39:45.359468
JOR,Jordan,"10,262,153",2021-06-03 12:39:45.359468
AZE,Azerbaijan,"10,217,023",2021-06-03 12:39:45.359468
PRT,Portugal,"10,170,178",2021-06-03 12:39:45.359468
SWE,Sweden,"10,155,581",2021-06-03 12:39:45.359468
HND,Honduras,"10,051,123",2021-06-03 12:39:45.359468
ARE,United Arab Emirates,"9,983,397",2021-06-03 12:39:45.359468
TJK,Tajikistan,"9,733,858",2021-06-03 12:39:45.359468
HUN,Hungary,"9,636,197",2021-06-03 12:39:45.359468
BLR,Belarus,"9,443,384",2021-06-03 12:39:45.359468
PNG,Papua New Guinea,"9,106,098",2021-06-03 12:39:45.359468
AUT,Austria,"9,040,213",2021-06-03 12:39:45.359468
ISR,Israel,"8,779,719",2021-06-03 12:39:45.359468
CHE,Switzerland,"8,710,769",2021-06-03 12:39:45.359468
SRB,Serbia,"8,700,490",2021-06-03 12:39:45.359468
TGO,Togo,"8,463,195",2021-06-03 12:39:45.359468
SLE,Sierra Leone,"8,129,008",2021-06-03 12:39:45.359468
HKG,Hong Kong,"7,548,607",2021-06-03 12:39:45.359468
LAO,Laos,"7,371,638",2021-06-03 12:39:45.359468
PRY,Paraguay,"7,213,127",2021-06-03 12:39:45.359468
LBY,Libya,"6,952,241",2021-06-03 12:39:45.359468
BGR,Bulgaria,"6,900,537",2021-06-03 12:39:45.359468
LBN,Lebanon,"6,771,234",2021-06-03 12:39:45.359468
NIC,Nicaragua,"6,696,506",2021-06-03 12:39:45.359468
KGZ,Kyrgyzstan,"6,620,581",2021-06-03 12:39:45.359468
SLV,El Salvador,"6,516,109",2021-06-03 12:39:45.359468
TKM,Turkmenistan,"6,111,441",2021-06-03 12:39:45.359468
SGP,Singapore,"5,893,060",2021-06-03 12:39:45.359468
DNK,Denmark,"5,811,705",2021-06-03 12:39:45.359468
COG,Republic Of The Congo,"5,646,573",2021-06-03 12:39:45.359468
FIN,Finland,"5,547,756",2021-06-03 12:39:45.359468
NOR,Norway,"5,462,196",2021-06-03 12:39:45.359468
SVK,Slovakia,"5,460,694",2021-06-03 12:39:45.359468
OMN,Oman,"5,214,117",2021-06-03 12:39:45.359468
PSE,Palestine,"5,213,737",2021-06-03 12:39:45.359468
LBR,Liberia,"5,170,945",2021-06-03 12:39:45.359468
CRI,Costa Rica,"5,135,700",2021-06-03 12:39:45.359468
IRL,Ireland,"4,979,638",2021-06-03 12:39:45.359468
CAF,Central African Republic,"4,913,360",2021-06-03 12:39:45.359468
NZL,New Zealand,"4,857,703",2021-06-03 12:39:45.359468
MRT,Mauritania,"4,765,723",2021-06-03 12:39:45.359468
PAN,Panama,"4,376,606",2021-06-03 12:39:45.359468
KWT,Kuwait,"4,323,687",2021-06-03 12:39:45.359468
HRV,Croatia,"4,083,437",2021-06-03 12:39:45.359468
MDA,Moldova,"4,024,788",2021-06-03 12:39:45.359468
GEO,Georgia,"3,980,507",2021-06-03 12:39:45.359468
ERI,Eritrea,"3,597,346",2021-06-03 12:39:45.359468
URY,Uruguay,"3,484,299",2021-06-03 12:39:45.359468
MNG,Mongolia,"3,325,470",2021-06-03 12:39:45.359468
BIH,Bosnia And Herzegovina,"3,264,977",2021-06-03 12:39:45.359468
JAM,Jamaica,"2,972,556",2021-06-03 12:39:45.359468
ARM,Armenia,"2,967,770",2021-06-03 12:39:45.359468
QAT,Qatar,"2,926,462",2021-06-03 12:39:45.359468
ALB,Albania,"2,873,345",2021-06-03 12:39:45.359468
PRI,Puerto Rico,"2,830,975",2021-06-03 12:39:45.359468
LTU,Lithuania,"2,692,307",2021-06-03 12:39:45.359468
NAM,Namibia,"2,583,882",2021-06-03 12:39:45.359468
GMB,Gambia,"2,481,670",2021-06-03 12:39:45.359468
BWA,Botswana,"2,393,889",2021-06-03 12:39:45.359468
GAB,Gabon,"2,274,787",2021-06-03 12:39:45.359468
LSO,Lesotho,"2,157,788",2021-06-03 12:39:45.359468
MKD,North Macedonia,"2,082,740",2021-06-03 12:39:45.359468
SVN,Slovenia,"2,078,724",2021-06-03 12:39:45.359468
GNB,Guinea Bissau,"2,011,923",2021-06-03 12:39:45.359468
LVA,Latvia,"1,868,371",2021-06-03 12:39:45.359468
BHR,Bahrain,"1,744,834",2021-06-03 12:39:45.359468
GNQ,Equatorial Guinea,"1,446,380",2021-06-03 12:39:45.359468
TTO,Trinidad And Tobago,"1,403,073",2021-06-03 12:39:45.359468
TLS,Timor Leste,"1,341,977",2021-06-03 12:39:45.359468
EST,Estonia,"1,325,295",2021-06-03 12:39:45.359468
MUS,Mauritius,"1,273,323",2021-06-03 12:39:45.359468
CYP,Cyprus,"1,214,952",2021-06-03 12:39:45.359468
DJI,Djibouti,"1,001,143",2021-06-03 12:39:45.359468
FJI,Fiji,"902,439",2021-06-03 12:39:45.359468
RU,Reunion,"901,219",2021-06-03 12:39:45.359468
COM,Comoros,"887,022",2021-06-03 12:39:45.359468
GUY,Guyana,"790,051",2021-06-03 12:39:45.359468
BTN,Bhutan,"779,266",2021-06-03 12:39:45.359468
SLB,Solomon Islands,"702,705",2021-06-03 12:39:45.359468
MAC,Macau,"657,680",2021-06-03 12:39:45.359468
LUX,Luxembourg,"634,127",2021-06-03 12:39:45.359468
MNE,Montenegro,"628,053",2021-06-03 12:39:45.359468
ESH,Western Sahara,"610,804",2021-06-03 12:39:45.359468
SUR,Suriname,"591,415",2021-06-03 12:39:45.359468
CPV,Cape Verde,"561,458",2021-06-03 12:39:45.359468
MDV,Maldives,"543,287",2021-06-03 12:39:45.359468
MLT,Malta,"442,674",2021-06-03 12:39:45.359468
BRN,Brunei,"441,230",2021-06-03 12:39:45.359468
BLZ,Belize,"404,365",2021-06-03 12:39:45.359468
BHS,Bahamas,"396,638",2021-06-03 12:39:45.359468
MTQ,Martinique,"374,800",2021-06-03 12:39:45.359468
ISL,Iceland,"343,188",2021-06-03 12:39:45.359468
VUT,Vanuatu,"313,915",2021-06-03 12:39:45.359468
NCL,New Caledonia,"288,026",2021-06-03 12:39:45.359468
BRB,Barbados,"287,684",2021-06-03 12:39:45.359468
PYF,French Polynesia,"282,420",2021-06-03 12:39:45.359468
MYT,Mayotte,"279,020",2021-06-03 12:39:45.359468
STP,Sao Tome And Principe,"223,038",2021-06-03 12:39:45.359468
WSM,Samoa,"200,039",2021-06-03 12:39:45.359468
LCA,Saint Lucia,"184,345",2021-06-03 12:39:45.359468
GUM,Guam,"170,069",2021-06-03 12:39:45.359468
CUW,Curacao,"164,743",2021-06-03 12:39:45.359468
KIR,Kiribati,"121,255",2021-06-03 12:39:45.359468
FSM,Micronesia,"116,172",2021-06-03 12:39:45.359468
GRD,Grenada,"112,994",2021-06-03 12:39:45.359468
VCT,Saint Vincent And The Grenadines,"111,263",2021-06-03 12:39:45.359468
ABW,Aruba,"107,204",2021-06-03 12:39:45.359468
TON,Tonga,"106,678",2021-06-03 12:39:45.359468
VIR,United States Virgin Islands,"104,253",2021-06-03 12:39:45.359468
SYC,Seychelles,"98,881",2021-06-03 12:39:45.359468
ATG,Antigua And Barbuda,"98,676",2021-06-03 12:39:45.359468
IMN,Isle Of Man,"85,410",2021-06-03 12:39:45.359468
AND,Andorra,"77,355",2021-06-03 12:39:45.359468
DMA,Dominica,"72,167",2021-06-03 12:39:45.359468
CYM,Cayman Islands,"66,497",2021-06-03 12:39:45.359468
BMU,Bermuda,"62,090",2021-06-03 12:39:45.359468
MHL,Marshall Islands,"59,610",2021-06-03 12:39:45.359468
MNP,Northern Mariana Islands,"57,917",2021-06-03 12:39:45.359468
GRL,Greenland,"56,877",2021-06-03 12:39:45.359468
ASM,American Samoa,"55,100",2021-06-03 12:39:45.359468
KNA,Saint Kitts And Nevis,"53,544",2021-06-03 12:39:45.359468
FRO,Faroe Islands,"49,049",2021-06-03 12:39:45.359468
MAF,Sint Maarten,"43,412",2021-06-03 12:39:45.359468
MCO,Monaco,"39,511",2021-06-03 12:39:45.359468
MAF,Saint Martin,"39,234",2021-06-03 12:39:45.359468
TCA,Turks And Caicos Islands,"39,231",2021-06-03 12:39:45.359468
LIE,Liechtenstein,"38,250",2021-06-03 12:39:45.359468
SMR,San Marino,"34,017",2021-06-03 12:39:45.359468
GIB,Gibraltar,"33,698",2021-06-03 12:39:45.359468
PLW,Palau,"18,169",2021-06-03 12:39:45.359468
COK,Cook Islands,"17,565",2021-06-03 12:39:45.359468
AIA,Anguilla,"15,117",2021-06-03 12:39:45.359468
TUV,Tuvalu,"11,931",2021-06-03 12:39:45.359468
WLF,Wallis And Futuna,"11,094",2021-06-03 12:39:45.359468
NRU,Nauru,"10,876",2021-06-03 12:39:45.359468
BL,Saint Barthelemy,"9,907",2021-06-03 12:39:45.359468
SPM,Saint Pierre And Miquelon,"5,766",2021-06-03 12:39:45.359468
MSR,Montserrat,"4,977",2021-06-03 12:39:45.359468
FLK,Falkland Islands,"3,533",2021-06-03 12:39:45.359468
NIU,Niue,"1,619",2021-06-03 12:39:45.359468
TKL,Tokelau,"1,373",2021-06-03 12:39:45.359468
VAT,Vatican City,800,2021-06-03 12:39:45.359468
CHN,China,"1,443,866,278",2021-06-04 12:54:36.404126
IND,India,"1,392,438,885",2021-06-04 12:54:36.404126
USA,United States,"332,774,692",2021-06-04 12:54:36.404126
IDN,Indonesia,"276,156,067",2021-06-04 12:54:36.404126
PAK,Pakistan,"224,889,934",2021-06-04 12:54:36.404126
BRA,Brazil,"213,890,367",2021-06-04 12:54:36.404126
NGA,Nigeria,"211,019,230",2021-06-04 12:54:36.404126
BGD,Bangladesh,"166,187,594",2021-06-04 12:54:36.404126
RUS,Russia,"145,913,507",2021-06-04 12:54:36.404126
MEX,Mexico,"130,165,973",2021-06-04 12:54:36.404126
JPN,Japan,"126,081,288",2021-06-04 12:54:36.404126
ETH,Ethiopia,"117,665,747",2021-06-04 12:54:36.404126
PHL,Philippines,"110,940,562",2021-06-04 12:54:36.404126
EGY,Egypt,"104,119,295",2021-06-04 12:54:36.404126
VNM,Vietnam,"98,109,029",2021-06-04 12:54:36.404126
COD,Dr Congo,"92,174,103",2021-06-04 12:54:36.404126
TUR,Turkey,"84,988,464",2021-06-04 12:54:36.404126
IRN,Iran,"84,955,300",2021-06-04 12:54:36.404126
DEU,Germany,"83,891,238",2021-06-04 12:54:36.404126
THA,Thailand,"69,939,948",2021-06-04 12:54:36.404126
GBR,United Kingdom,"68,183,300",2021-06-04 12:54:36.404126
FRA,France,"65,414,642",2021-06-04 12:54:36.404126
TZA,Tanzania,"61,370,625",2021-06-04 12:54:36.404126
ITA,Italy,"60,373,246",2021-06-04 12:54:36.404126
ZAF,South Africa,"59,988,885",2021-06-04 12:54:36.404126
KEN,Kenya,"54,897,553",2021-06-04 12:54:36.404126
MMR,Myanmar,"54,777,565",2021-06-04 12:54:36.404126
KOR,South Korea,"51,301,984",2021-06-04 12:54:36.404126
COL,Colombia,"51,236,577",2021-06-04 12:54:36.404126
UGA,Uganda,"47,022,975",2021-06-04 12:54:36.404126
ESP,Spain,"46,746,248",2021-06-04 12:54:36.404126
ARG,Argentina,"45,576,162",2021-06-04 12:54:36.404126
SDN,Sudan,"44,832,798",2021-06-04 12:54:36.404126
DZA,Algeria,"44,561,953",2021-06-04 12:54:36.404126
UKR,Ukraine,"43,485,819",2021-06-04 12:54:36.404126
IRQ,Iraq,"41,109,199",2021-06-04 12:54:36.404126
AFG,Afghanistan,"39,769,220",2021-06-04 12:54:36.404126
CAN,Canada,"38,044,167",2021-06-04 12:54:36.404126
POL,Poland,"37,801,001",2021-06-04 12:54:36.404126
MAR,Morocco,"37,313,517",2021-06-04 12:54:36.404126
SAU,Saudi Arabia,"35,301,572",2021-06-04 12:54:36.404126
UZB,Uzbekistan,"33,902,341",2021-06-04 12:54:36.404126
AGO,Angola,"33,855,944",2021-06-04 12:54:36.404126
PER,Peru,"33,331,474",2021-06-04 12:54:36.404126
MYS,Malaysia,"32,746,821",2021-06-04 12:54:36.404126
MOZ,Mozambique,"32,097,527",2021-06-04 12:54:36.404126
GHA,Ghana,"31,684,418",2021-06-04 12:54:36.404126
YEM,Yemen,"30,442,532",2021-06-04 12:54:36.404126
NPL,Nepal,"29,639,831",2021-06-04 12:54:36.404126
VEN,Venezuela,"28,688,018",2021-06-04 12:54:36.404126
MDG,Madagascar,"28,374,086",2021-06-04 12:54:36.404126
CMR,Cameroon,"27,175,125",2021-06-04 12:54:36.404126
CIV,Ivory Coast,"27,004,833",2021-06-04 12:54:36.404126
PRK,North Korea,"25,879,288",2021-06-04 12:54:36.404126
AUS,Australia,"25,767,125",2021-06-04 12:54:36.404126
NER,Niger,"25,063,656",2021-06-04 12:54:36.404126
TWN,Taiwan,"23,852,205",2021-06-04 12:54:36.404126
LKA,Sri Lanka,"21,491,197",2021-06-04 12:54:36.404126
BFA,Burkina Faso,"21,454,016",2021-06-04 12:54:36.404126
MLI,Mali,"20,811,940",2021-06-04 12:54:36.404126
MWI,Malawi,"19,610,161",2021-06-04 12:54:36.404126
CHL,Chile,"19,204,634",2021-06-04 12:54:36.404126
ROU,Romania,"19,135,818",2021-06-04 12:54:36.404126
KAZ,Kazakhstan,"18,979,217",2021-06-04 12:54:36.404126
ZMB,Zambia,"18,881,672",2021-06-04 12:54:36.404126
SYR,Syria,"18,230,214",2021-06-04 12:54:36.404126
GTM,Guatemala,"18,225,727",2021-06-04 12:54:36.404126
ECU,Ecuador,"17,870,640",2021-06-04 12:54:36.404126
SEN,Senegal,"17,163,594",2021-06-04 12:54:36.404126
NLD,Netherlands,"17,170,373",2021-06-04 12:54:36.404126
KHM,Cambodia,"16,930,032",2021-06-04 12:54:36.404126
TCD,Chad,"16,879,526",2021-06-04 12:54:36.404126
SOM,Somalia,"16,325,765",2021-06-04 12:54:36.404126
ZWE,Zimbabwe,"15,075,262",2021-06-04 12:54:36.404126
GIN,Guinea,"13,471,126",2021-06-04 12:54:36.404126
RWA,Rwanda,"13,253,226",2021-06-04 12:54:36.404126
BEN,Benin,"12,427,277",2021-06-04 12:54:36.404126
BDI,Burundi,"12,229,130",2021-06-04 12:54:36.404126
TUN,Tunisia,"11,927,483",2021-06-04 12:54:36.404126
BOL,Bolivia,"11,821,376",2021-06-04 12:54:36.404126
BEL,Belgium,"11,629,124",2021-06-04 12:54:36.404126
HTI,Haiti,"11,531,603",2021-06-04 12:54:36.404126
SSD,South Sudan,"11,367,618",2021-06-04 12:54:36.404126
CUB,Cuba,"11,318,114",2021-06-04 12:54:36.404126
DOM,Dominican Republic,"10,946,082",2021-06-04 12:54:36.404126
CZE,Czech Republic,"10,723,523",2021-06-04 12:54:36.404126
GRC,Greece,"10,374,449",2021-06-04 12:54:36.404126
JOR,Jordan,"10,262,405",2021-06-04 12:54:36.404126
AZE,Azerbaijan,"10,217,256",2021-06-04 12:54:36.404126
PRT,Portugal,"10,170,095",2021-06-04 12:54:36.404126
SWE,Sweden,"10,155,750",2021-06-04 12:54:36.404126
HND,Honduras,"10,051,559",2021-06-04 12:54:36.404126
ARE,United Arab Emirates,"9,983,680",2021-06-04 12:54:36.404126
TJK,Tajikistan,"9,734,438",2021-06-04 12:54:36.404126
HUN,Hungary,"9,636,122",2021-06-04 12:54:36.404126
BLR,Belarus,"9,443,365",2021-06-04 12:54:36.404126
PNG,Papua New Guinea,"9,106,573",2021-06-04 12:54:36.404126
AUT,Austria,"9,040,318",2021-06-04 12:54:36.404126
ISR,Israel,"8,780,089",2021-06-04 12:54:36.404126
CHE,Switzerland,"8,710,943",2021-06-04 12:54:36.404126
SRB,Serbia,"8,700,381",2021-06-04 12:54:36.404126
TGO,Togo,"8,463,749",2021-06-04 12:54:36.404126
SLE,Sierra Leone,"8,129,462",2021-06-04 12:54:36.404126
HKG,Hong Kong,"7,548,761",2021-06-04 12:54:36.404126
LAO,Laos,"7,371,922",2021-06-04 12:54:36.404126
PRY,Paraguay,"7,213,366",2021-06-04 12:54:36.404126
LBY,Libya,"6,952,472",2021-06-04 12:54:36.404126
BGR,Bulgaria,"6,900,394",2021-06-04 12:54:36.404126
LBN,Lebanon,"6,771,157",2021-06-04 12:54:36.404126
NIC,Nicaragua,"6,696,722",2021-06-04 12:54:36.404126
KGZ,Kyrgyzstan,"6,620,867",2021-06-04 12:54:36.404126
SLV,El Salvador,"6,516,197",2021-06-04 12:54:36.404126
TKM,Turkmenistan,"6,111,679",2021-06-04 12:54:36.404126
SGP,Singapore,"5,893,193",2021-06-04 12:54:36.404126
DNK,Denmark,"5,811,763",2021-06-04 12:54:36.404126
COG,Republic Of The Congo,"5,646,957",2021-06-04 12:54:36.404126
FIN,Finland,"5,547,778",2021-06-04 12:54:36.404126
NOR,Norway,"5,462,322",2021-06-04 12:54:36.404126
SVK,Slovakia,"5,460,695",2021-06-04 12:54:36.404126
OMN,Oman,"5,214,457",2021-06-04 12:54:36.404126
PSE,Palestine,"5,214,068",2021-06-04 12:54:36.404126
LBR,Liberia,"5,171,285",2021-06-04 12:54:36.404126
CRI,Costa Rica,"5,135,824",2021-06-04 12:54:36.404126
IRL,Ireland,"4,979,758",2021-06-04 12:54:36.404126
CAF,Central African Republic,"4,913,604",2021-06-04 12:54:36.404126
NZL,New Zealand,"4,857,812",2021-06-04 12:54:36.404126
MRT,Mauritania,"4,766,069",2021-06-04 12:54:36.404126
PAN,Panama,"4,376,789",2021-06-04 12:54:36.404126
KWT,Kuwait,"4,323,866",2021-06-04 12:54:36.404126
HRV,Croatia,"4,083,371",2021-06-04 12:54:36.404126
MDA,Moldova,"4,024,760",2021-06-04 12:54:36.404126
GEO,Georgia,"3,980,479",2021-06-04 12:54:36.404126
ERI,Eritrea,"3,597,498",2021-06-04 12:54:36.404126
URY,Uruguay,"3,484,331",2021-06-04 12:54:36.404126
MNG,Mongolia,"3,325,611",2021-06-04 12:54:36.404126
BIH,Bosnia And Herzegovina,"3,264,921",2021-06-04 12:54:36.404126
JAM,Jamaica,"2,972,590",2021-06-04 12:54:36.404126
ARM,Armenia,"2,967,783",2021-06-04 12:54:36.404126
QAT,Qatar,"2,926,612",2021-06-04 12:54:36.404126
ALB,Albania,"2,873,330",2021-06-04 12:54:36.404126
PRI,Puerto Rico,"2,830,875",2021-06-04 12:54:36.404126
LTU,Lithuania,"2,692,217",2021-06-04 12:54:36.404126
NAM,Namibia,"2,584,010",2021-06-04 12:54:36.404126
GMB,Gambia,"2,481,864",2021-06-04 12:54:36.404126
BWA,Botswana,"2,394,013",2021-06-04 12:54:36.404126
GAB,Gabon,"2,274,935",2021-06-04 12:54:36.404126
LSO,Lesotho,"2,157,835",2021-06-04 12:54:36.404126
MKD,North Macedonia,"2,082,737",2021-06-04 12:54:36.404126
SVN,Slovenia,"2,078,724",2021-06-04 12:54:36.404126
GNB,Guinea Bissau,"2,012,054",2021-06-04 12:54:36.404126
LVA,Latvia,"1,868,318",2021-06-04 12:54:36.404126
BHR,Bahrain,"1,744,962",2021-06-04 12:54:36.404126
GNQ,Equatorial Guinea,"1,446,509",2021-06-04 12:54:36.404126
TTO,Trinidad And Tobago,"1,403,084",2021-06-04 12:54:36.404126
TLS,Timor Leste,"1,342,047",2021-06-04 12:54:36.404126
EST,Estonia,"1,325,291",2021-06-04 12:54:36.404126
MUS,Mauritius,"1,273,327",2021-06-04 12:54:36.404126
CYP,Cyprus,"1,214,975",2021-06-04 12:54:36.404126
DJI,Djibouti,"1,001,181",2021-06-04 12:54:36.404126
FJI,Fiji,"902,456",2021-06-04 12:54:36.404126
RU,Reunion,"901,236",2021-06-04 12:54:36.404126
COM,Comoros,"887,075",2021-06-04 12:54:36.404126
GUY,Guyana,"790,061",2021-06-04 12:54:36.404126
BTN,Bhutan,"779,289",2021-06-04 12:54:36.404126
SLB,Solomon Islands,"702,752",2021-06-04 12:54:36.404126
MAC,Macau,"657,706",2021-06-04 12:54:36.404126
LUX,Luxembourg,"634,152",2021-06-04 12:54:36.404126
MNE,Montenegro,"628,053",2021-06-04 12:54:36.404126
ESH,Western Sahara,"610,843",2021-06-04 12:54:36.404126
SUR,Suriname,"591,430",2021-06-04 12:54:36.404126
CPV,Cape Verde,"561,475",2021-06-04 12:54:36.404126
MDV,Maldives,"543,299",2021-06-04 12:54:36.404126
MLT,Malta,"442,678",2021-06-04 12:54:36.404126
BRN,Brunei,"441,241",2021-06-04 12:54:36.404126
BLZ,Belize,"404,385",2021-06-04 12:54:36.404126
BHS,Bahamas,"396,648",2021-06-04 12:54:36.404126
MTQ,Martinique,"374,798",2021-06-04 12:54:36.404126
ISL,Iceland,"343,194",2021-06-04 12:54:36.404126
VUT,Vanuatu,"313,935",2021-06-04 12:54:36.404126
NCL,New Caledonia,"288,033",2021-06-04 12:54:36.404126
BRB,Barbados,"287,685",2021-06-04 12:54:36.404126
PYF,French Polynesia,"282,424",2021-06-04 12:54:36.404126
MYT,Mayotte,"279,039",2021-06-04 12:54:36.404126
STP,Sao Tome And Principe,"223,050",2021-06-04 12:54:36.404126
WSM,Samoa,"200,043",2021-06-04 12:54:36.404126
LCA,Saint Lucia,"184,347",2021-06-04 12:54:36.404126
GUM,Guam,"170,073",2021-06-04 12:54:36.404126
CUW,Curacao,"164,745",2021-06-04 12:54:36.404126
KIR,Kiribati,"121,260",2021-06-04 12:54:36.404126
FSM,Micronesia,"116,175",2021-06-04 12:54:36.404126
GRD,Grenada,"112,995",2021-06-04 12:54:36.404126
VCT,Saint Vincent And The Grenadines,"111,263",2021-06-04 12:54:36.404126
ABW,Aruba,"107,204",2021-06-04 12:54:36.404126
TON,Tonga,"106,681",2021-06-04 12:54:36.404126
VIR,United States Virgin Islands,"104,252",2021-06-04 12:54:36.404126
SYC,Seychelles,"98,882",2021-06-04 12:54:36.404126
ATG,Antigua And Barbuda,"98,678",2021-06-04 12:54:36.404126
IMN,Isle Of Man,"85,410",2021-06-04 12:54:36.404126
AND,Andorra,"77,355",2021-06-04 12:54:36.404126
DMA,Dominica,"72,167",2021-06-04 12:54:36.404126
CYM,Cayman Islands,"66,497",2021-06-04 12:54:36.404126
BMU,Bermuda,"62,090",2021-06-04 12:54:36.404126
MHL,Marshall Islands,"59,610",2021-06-04 12:54:36.404126
MNP,Northern Mariana Islands,"57,917",2021-06-04 12:54:36.404126
GRL,Greenland,"56,877",2021-06-04 12:54:36.404126
ASM,American Samoa,"55,100",2021-06-04 12:54:36.404126
KNA,Saint Kitts And Nevis,"53,544",2021-06-04 12:54:36.404126
FRO,Faroe Islands,"49,049",2021-06-04 12:54:36.404126
MAF,Sint Maarten,"43,412",2021-06-04 12:54:36.404126
MCO,Monaco,"39,511",2021-06-04 12:54:36.404126
MAF,Saint Martin,"39,234",2021-06-04 12:54:36.404126
TCA,Turks And Caicos Islands,"39,231",2021-06-04 12:54:36.404126
LIE,Liechtenstein,"38,250",2021-06-04 12:54:36.404126
SMR,San Marino,"34,017",2021-06-04 12:54:36.404126
GIB,Gibraltar,"33,698",2021-06-04 12:54:36.404126
PLW,Palau,"18,169",2021-06-04 12:54:36.404126
COK,Cook Islands,"17,565",2021-06-04 12:54:36.404126
AIA,Anguilla,"15,117",2021-06-04 12:54:36.404126
TUV,Tuvalu,"11,931",2021-06-04 12:54:36.404126
WLF,Wallis And Futuna,"11,094",2021-06-04 12:54:36.404126
NRU,Nauru,"10,876",2021-06-04 12:54:36.404126
BL,Saint Barthelemy,"9,907",2021-06-04 12:54:36.404126
SPM,Saint Pierre And Miquelon,"5,766",2021-06-04 12:54:36.404126
MSR,Montserrat,"4,977",2021-06-04 12:54:36.404126
FLK,Falkland Islands,"3,533",2021-06-04 12:54:36.404126
NIU,Niue,"1,619",2021-06-04 12:54:36.404126
TKL,Tokelau,"1,373",2021-06-04 12:54:36.404126
VAT,Vatican City,800,2021-06-04 12:54:36.404126
CHN,China,"1,443,879,361",2021-06-05 12:39:39.550830
IND,India,"1,392,475,166",2021-06-05 12:39:39.550830
USA,United States,"332,779,942",2021-06-05 12:39:39.550830
IDN,Indonesia,"276,163,760",2021-06-05 12:39:39.550830
PAK,Pakistan,"224,901,527",2021-06-05 12:39:39.550830
BRA,Brazil,"213,894,222",2021-06-05 12:39:39.550830
NGA,Nigeria,"211,033,497",2021-06-05 12:39:39.550830
BGD,Bangladesh,"166,191,929",2021-06-05 12:39:39.550830
RUS,Russia,"145,913,451",2021-06-05 12:39:39.550830
MEX,Mexico,"130,169,573",2021-06-05 12:39:39.550830
JPN,Japan,"126,080,148",2021-06-05 12:39:39.550830
ETH,Ethiopia,"117,673,619",2021-06-05 12:39:39.550830
PHL,Philippines,"110,944,539",2021-06-05 12:39:39.550830
EGY,Egypt,"104,124,495",2021-06-05 12:39:39.550830
VNM,Vietnam,"98,111,265",2021-06-05 12:39:39.550830
COD,Dr Congo,"92,181,728",2021-06-05 12:39:39.550830
TUR,Turkey,"84,990,494",2021-06-05 12:39:39.550830
IRN,Iran,"84,958,047",2021-06-05 12:39:39.550830
DEU,Germany,"83,891,583",2021-06-05 12:39:39.550830
THA,Thailand,"69,940,355",2021-06-05 12:39:39.550830
GBR,United Kingdom,"68,184,191",2021-06-05 12:39:39.550830
FRA,France,"65,415,073",2021-06-05 12:39:39.550830
TZA,Tanzania,"61,375,405",2021-06-05 12:39:39.550830
ITA,Italy,"60,373,030",2021-06-05 12:39:39.550830
ZAF,South Africa,"59,990,871",2021-06-05 12:39:39.550830
KEN,Kenya,"54,900,849",2021-06-05 12:39:39.550830
MMR,Myanmar,"54,778,629",2021-06-05 12:39:39.550830
KOR,South Korea,"51,302,104",2021-06-05 12:39:39.550830
COL,Colombia,"51,237,671",2021-06-05 12:39:39.550830
UGA,Uganda,"47,026,736",2021-06-05 12:39:39.550830
ESP,Spain,"46,746,209",2021-06-05 12:39:39.550830
ARG,Argentina,"45,577,271",2021-06-05 12:39:39.550830
SDN,Sudan,"44,835,661",2021-06-05 12:39:39.550830
DZA,Algeria,"44,563,998",2021-06-05 12:39:39.550830
UKR,Ukraine,"43,485,108",2021-06-05 12:39:39.550830
IRQ,Iraq,"41,111,822",2021-06-05 12:39:39.550830
AFG,Afghanistan,"39,771,696",2021-06-05 12:39:39.550830
CAN,Canada,"38,045,054",2021-06-05 12:39:39.550830
POL,Poland,"37,800,851",2021-06-05 12:39:39.550830
MAR,Morocco,"37,314,687",2021-06-05 12:39:39.550830
SAU,Saudi Arabia,"35,303,035",2021-06-05 12:39:39.550830
UZB,Uzbekistan,"33,903,591",2021-06-05 12:39:39.550830
AGO,Angola,"33,858,848",2021-06-05 12:39:39.550830
PER,Peru,"33,332,519",2021-06-05 12:39:39.550830
MYS,Malaysia,"32,747,920",2021-06-05 12:39:39.550830
MOZ,Mozambique,"32,099,977",2021-06-05 12:39:39.550830
GHA,Ghana,"31,686,202",2021-06-05 12:39:39.550830
YEM,Yemen,"30,444,331",2021-06-05 12:39:39.550830
NPL,Nepal,"29,641,144",2021-06-05 12:39:39.550830
VEN,Venezuela,"28,688,652",2021-06-05 12:39:39.550830
MDG,Madagascar,"28,376,077",2021-06-05 12:39:39.550830
CMR,Cameroon,"27,176,963",2021-06-05 12:39:39.550830
CIV,Ivory Coast,"27,006,658",2021-06-05 12:39:39.550830
PRK,North Korea,"25,879,578",2021-06-05 12:39:39.550830
AUS,Australia,"25,767,913",2021-06-05 12:39:39.550830
NER,Niger,"25,066,168",2021-06-05 12:39:39.550830
TWN,Taiwan,"23,852,310",2021-06-05 12:39:39.550830
LKA,Sri Lanka,"21,491,426",2021-06-05 12:39:39.550830
BFA,Burkina Faso,"21,455,627",2021-06-05 12:39:39.550830
MLI,Mali,"20,813,578",2021-06-05 12:39:39.550830
MWI,Malawi,"19,611,564",2021-06-05 12:39:39.550830
CHL,Chile,"19,204,923",2021-06-05 12:39:39.550830
ROU,Romania,"19,135,518",2021-06-05 12:39:39.550830
KAZ,Kazakhstan,"18,979,806",2021-06-05 12:39:39.550830
ZMB,Zambia,"18,883,130",2021-06-05 12:39:39.550830
SYR,Syria,"18,231,915",2021-06-05 12:39:39.550830
GTM,Guatemala,"18,226,629",2021-06-05 12:39:39.550830
ECU,Ecuador,"17,871,307",2021-06-05 12:39:39.550830
SEN,Senegal,"17,164,817",2021-06-05 12:39:39.550830
NLD,Netherlands,"17,170,475",2021-06-05 12:39:39.550830
KHM,Cambodia,"16,930,645",2021-06-05 12:39:39.550830
TCD,Chad,"16,880,852",2021-06-05 12:39:39.550830
SOM,Somalia,"16,327,027",2021-06-05 12:39:39.550830
ZWE,Zimbabwe,"15,075,894",2021-06-05 12:39:39.550830
GIN,Guinea,"13,472,103",2021-06-05 12:39:39.550830
RWA,Rwanda,"13,254,097",2021-06-05 12:39:39.550830
BEN,Benin,"12,428,166",2021-06-05 12:39:39.550830
BDI,Burundi,"12,230,113",2021-06-05 12:39:39.550830
TUN,Tunisia,"11,927,793",2021-06-05 12:39:39.550830
BOL,Bolivia,"11,821,809",2021-06-05 12:39:39.550830
BEL,Belgium,"11,629,244",2021-06-05 12:39:39.550830
HTI,Haiti,"11,531,980",2021-06-05 12:39:39.550830
SSD,South Sudan,"11,368,132",2021-06-05 12:39:39.550830
CUB,Cuba,"11,318,091",2021-06-05 12:39:39.550830
DOM,Dominican Republic,"10,946,367",2021-06-05 12:39:39.550830
CZE,Czech Republic,"10,723,562",2021-06-05 12:39:39.550830
GRC,Greece,"10,374,310",2021-06-05 12:39:39.550830
JOR,Jordan,"10,262,653",2021-06-05 12:39:39.550830
AZE,Azerbaijan,"10,217,483",2021-06-05 12:39:39.550830
PRT,Portugal,"10,170,014",2021-06-05 12:39:39.550830
SWE,Sweden,"10,155,915",2021-06-05 12:39:39.550830
HND,Honduras,"10,051,987",2021-06-05 12:39:39.550830
ARE,United Arab Emirates,"9,983,957",2021-06-05 12:39:39.550830
TJK,Tajikistan,"9,735,006",2021-06-05 12:39:39.550830
HUN,Hungary,"9,636,049",2021-06-05 12:39:39.550830
BLR,Belarus,"9,443,346",2021-06-05 12:39:39.550830
PNG,Papua New Guinea,"9,107,038",2021-06-05 12:39:39.550830
AUT,Austria,"9,040,421",2021-06-05 12:39:39.550830
ISR,Israel,"8,780,451",2021-06-05 12:39:39.550830
CHE,Switzerland,"8,711,113",2021-06-05 12:39:39.550830
SRB,Serbia,"8,700,276",2021-06-05 12:39:39.550830
TGO,Togo,"8,464,291",2021-06-05 12:39:39.550830
SLE,Sierra Leone,"8,129,906",2021-06-05 12:39:39.550830
HKG,Hong Kong,"7,548,913",2021-06-05 12:39:39.550830
LAO,Laos,"7,372,200",2021-06-05 12:39:39.550830
PRY,Paraguay,"7,213,601",2021-06-05 12:39:39.550830
LBY,Libya,"6,952,699",2021-06-05 12:39:39.550830
BGR,Bulgaria,"6,900,255",2021-06-05 12:39:39.550830
LBN,Lebanon,"6,771,082",2021-06-05 12:39:39.550830
NIC,Nicaragua,"6,696,934",2021-06-05 12:39:39.550830
KGZ,Kyrgyzstan,"6,621,147",2021-06-05 12:39:39.550830
SLV,El Salvador,"6,516,283",2021-06-05 12:39:39.550830
TKM,Turkmenistan,"6,111,912",2021-06-05 12:39:39.550830
SGP,Singapore,"5,893,324",2021-06-05 12:39:39.550830
DNK,Denmark,"5,811,821",2021-06-05 12:39:39.550830
COG,Republic Of The Congo,"5,647,333",2021-06-05 12:39:39.550830
FIN,Finland,"5,547,800",2021-06-05 12:39:39.550830
NOR,Norway,"5,462,446",2021-06-05 12:39:39.550830
SVK,Slovakia,"5,460,696",2021-06-05 12:39:39.550830
OMN,Oman,"5,214,791",2021-06-05 12:39:39.550830
PSE,Palestine,"5,214,393",2021-06-05 12:39:39.550830
LBR,Liberia,"5,171,619",2021-06-05 12:39:39.550830
CRI,Costa Rica,"5,135,944",2021-06-05 12:39:39.550830
IRL,Ireland,"4,979,876",2021-06-05 12:39:39.550830
CAF,Central African Republic,"4,913,842",2021-06-05 12:39:39.550830
NZL,New Zealand,"4,857,917",2021-06-05 12:39:39.550830
MRT,Mauritania,"4,766,407",2021-06-05 12:39:39.550830
PAN,Panama,"4,376,968",2021-06-05 12:39:39.550830
KWT,Kuwait,"4,324,041",2021-06-05 12:39:39.550830
HRV,Croatia,"4,083,307",2021-06-05 12:39:39.550830
MDA,Moldova,"4,024,732",2021-06-05 12:39:39.550830
GEO,Georgia,"3,980,453",2021-06-05 12:39:39.550830
ERI,Eritrea,"3,597,646",2021-06-05 12:39:39.550830
URY,Uruguay,"3,484,361",2021-06-05 12:39:39.550830
MNG,Mongolia,"3,325,748",2021-06-05 12:39:39.550830
BIH,Bosnia And Herzegovina,"3,264,867",2021-06-05 12:39:39.550830
JAM,Jamaica,"2,972,622",2021-06-05 12:39:39.550830
ARM,Armenia,"2,967,796",2021-06-05 12:39:39.550830
QAT,Qatar,"2,926,758",2021-06-05 12:39:39.550830
ALB,Albania,"2,873,315",2021-06-05 12:39:39.550830
PRI,Puerto Rico,"2,830,777",2021-06-05 12:39:39.550830
LTU,Lithuania,"2,692,129",2021-06-05 12:39:39.550830
NAM,Namibia,"2,584,134",2021-06-05 12:39:39.550830
GMB,Gambia,"2,482,054",2021-06-05 12:39:39.550830
BWA,Botswana,"2,394,133",2021-06-05 12:39:39.550830
GAB,Gabon,"2,275,081",2021-06-05 12:39:39.550830
LSO,Lesotho,"2,157,882",2021-06-05 12:39:39.550830
MKD,North Macedonia,"2,082,734",2021-06-05 12:39:39.550830
SVN,Slovenia,"2,078,724",2021-06-05 12:39:39.550830
GNB,Guinea Bissau,"2,012,183",2021-06-05 12:39:39.550830
LVA,Latvia,"1,868,267",2021-06-05 12:39:39.550830
BHR,Bahrain,"1,745,086",2021-06-05 12:39:39.550830
GNQ,Equatorial Guinea,"1,446,636",2021-06-05 12:39:39.550830
TTO,Trinidad And Tobago,"1,403,095",2021-06-05 12:39:39.550830
TLS,Timor Leste,"1,342,115",2021-06-05 12:39:39.550830
EST,Estonia,"1,325,287",2021-06-05 12:39:39.550830
MUS,Mauritius,"1,273,331",2021-06-05 12:39:39.550830
CYP,Cyprus,"1,214,998",2021-06-05 12:39:39.550830
DJI,Djibouti,"1,001,219",2021-06-05 12:39:39.550830
FJI,Fiji,"902,473",2021-06-05 12:39:39.550830
RU,Reunion,"901,253",2021-06-05 12:39:39.550830
COM,Comoros,"887,126",2021-06-05 12:39:39.550830
GUY,Guyana,"790,071",2021-06-05 12:39:39.550830
BTN,Bhutan,"779,312",2021-06-05 12:39:39.550830
SLB,Solomon Islands,"702,799",2021-06-05 12:39:39.550830
MAC,Macau,"657,732",2021-06-05 12:39:39.550830
LUX,Luxembourg,"634,177",2021-06-05 12:39:39.550830
MNE,Montenegro,"628,053",2021-06-05 12:39:39.550830
ESH,Western Sahara,"610,882",2021-06-05 12:39:39.550830
SUR,Suriname,"591,443",2021-06-05 12:39:39.550830
CPV,Cape Verde,"561,490",2021-06-05 12:39:39.550830
MDV,Maldives,"543,311",2021-06-05 12:39:39.550830
MLT,Malta,"442,682",2021-06-05 12:39:39.550830
BRN,Brunei,"441,252",2021-06-05 12:39:39.550830
BLZ,Belize,"404,405",2021-06-05 12:39:39.550830
BHS,Bahamas,"396,658",2021-06-05 12:39:39.550830
MTQ,Martinique,"374,796",2021-06-05 12:39:39.550830
ISL,Iceland,"343,200",2021-06-05 12:39:39.550830
VUT,Vanuatu,"313,955",2021-06-05 12:39:39.550830
NCL,New Caledonia,"288,040",2021-06-05 12:39:39.550830
BRB,Barbados,"287,686",2021-06-05 12:39:39.550830
PYF,French Polynesia,"282,428",2021-06-05 12:39:39.550830
MYT,Mayotte,"279,056",2021-06-05 12:39:39.550830
STP,Sao Tome And Principe,"223,062",2021-06-05 12:39:39.550830
WSM,Samoa,"200,047",2021-06-05 12:39:39.550830
LCA,Saint Lucia,"184,349",2021-06-05 12:39:39.550830
GUM,Guam,"170,077",2021-06-05 12:39:39.550830
CUW,Curacao,"164,747",2021-06-05 12:39:39.550830
KIR,Kiribati,"121,265",2021-06-05 12:39:39.550830
FSM,Micronesia,"116,178",2021-06-05 12:39:39.550830
GRD,Grenada,"112,996",2021-06-05 12:39:39.550830
VCT,Saint Vincent And The Grenadines,"111,263",2021-06-05 12:39:39.550830
ABW,Aruba,"107,204",2021-06-05 12:39:39.550830
TON,Tonga,"106,684",2021-06-05 12:39:39.550830
VIR,United States Virgin Islands,"104,251",2021-06-05 12:39:39.550830
SYC,Seychelles,"98,883",2021-06-05 12:39:39.550830
ATG,Antigua And Barbuda,"98,680",2021-06-05 12:39:39.550830
IMN,Isle Of Man,"85,410",2021-06-05 12:39:39.550830
AND,Andorra,"77,355",2021-06-05 12:39:39.550830
DMA,Dominica,"72,167",2021-06-05 12:39:39.550830
CYM,Cayman Islands,"66,497",2021-06-05 12:39:39.550830
BMU,Bermuda,"62,090",2021-06-05 12:39:39.550830
MHL,Marshall Islands,"59,610",2021-06-05 12:39:39.550830
MNP,Northern Mariana Islands,"57,917",2021-06-05 12:39:39.550830
GRL,Greenland,"56,877",2021-06-05 12:39:39.550830
ASM,American Samoa,"55,100",2021-06-05 12:39:39.550830
KNA,Saint Kitts And Nevis,"53,544",2021-06-05 12:39:39.550830
FRO,Faroe Islands,"49,049",2021-06-05 12:39:39.550830
MAF,Sint Maarten,"43,412",2021-06-05 12:39:39.550830
MCO,Monaco,"39,511",2021-06-05 12:39:39.550830
MAF,Saint Martin,"39,234",2021-06-05 12:39:39.550830
TCA,Turks And Caicos Islands,"39,231",2021-06-05 12:39:39.550830
LIE,Liechtenstein,"38,250",2021-06-05 12:39:39.550830
SMR,San Marino,"34,017",2021-06-05 12:39:39.550830
GIB,Gibraltar,"33,698",2021-06-05 12:39:39.550830
PLW,Palau,"18,169",2021-06-05 12:39:39.550830
COK,Cook Islands,"17,565",2021-06-05 12:39:39.550830
AIA,Anguilla,"15,117",2021-06-05 12:39:39.550830
TUV,Tuvalu,"11,931",2021-06-05 12:39:39.550830
WLF,Wallis And Futuna,"11,094",2021-06-05 12:39:39.550830
NRU,Nauru,"10,876",2021-06-05 12:39:39.550830
BL,Saint Barthelemy,"9,907",2021-06-05 12:39:39.550830
SPM,Saint Pierre And Miquelon,"5,766",2021-06-05 12:39:39.550830
MSR,Montserrat,"4,977",2021-06-05 12:39:39.550830
FLK,Falkland Islands,"3,533",2021-06-05 12:39:39.550830
NIU,Niue,"1,619",2021-06-05 12:39:39.550830
TKL,Tokelau,"1,373",2021-06-05 12:39:39.550830
VAT,Vatican City,800,2021-06-05 12:39:39.550830
CHN,China,"1,443,892,578",2021-06-06 12:39:20.804163
IND,India,"1,392,511,820",2021-06-06 12:39:20.804163
USA,United States,"332,785,245",2021-06-06 12:39:20.804163
IDN,Indonesia,"276,171,532",2021-06-06 12:39:20.804163
PAK,Pakistan,"224,913,239",2021-06-06 12:39:20.804163
BRA,Brazil,"213,898,116",2021-06-06 12:39:20.804163
NGA,Nigeria,"211,047,910",2021-06-06 12:39:20.804163
BGD,Bangladesh,"166,196,308",2021-06-06 12:39:20.804163
RUS,Russia,"145,913,395",2021-06-06 12:39:20.804163
MEX,Mexico,"130,173,209",2021-06-06 12:39:20.804163
JPN,Japan,"126,078,997",2021-06-06 12:39:20.804163
ETH,Ethiopia,"117,681,571",2021-06-06 12:39:20.804163
PHL,Philippines,"110,948,557",2021-06-06 12:39:20.804163
EGY,Egypt,"104,129,748",2021-06-06 12:39:20.804163
VNM,Vietnam,"98,113,525",2021-06-06 12:39:20.804163
COD,Dr Congo,"92,189,431",2021-06-06 12:39:20.804163
TUR,Turkey,"84,992,545",2021-06-06 12:39:20.804163
IRN,Iran,"84,960,823",2021-06-06 12:39:20.804163
DEU,Germany,"83,891,932",2021-06-06 12:39:20.804163
THA,Thailand,"69,940,767",2021-06-06 12:39:20.804163
GBR,United Kingdom,"68,185,091",2021-06-06 12:39:20.804163
FRA,France,"65,415,509",2021-06-06 12:39:20.804163
TZA,Tanzania,"61,380,234",2021-06-06 12:39:20.804163
ITA,Italy,"60,372,812",2021-06-06 12:39:20.804163
ZAF,South Africa,"59,992,877",2021-06-06 12:39:20.804163
KEN,Kenya,"54,904,179",2021-06-06 12:39:20.804163
MMR,Myanmar,"54,779,704",2021-06-06 12:39:20.804163
KOR,South Korea,"51,302,225",2021-06-06 12:39:20.804163
COL,Colombia,"51,238,777",2021-06-06 12:39:20.804163
UGA,Uganda,"47,030,535",2021-06-06 12:39:20.804163
ESP,Spain,"46,746,170",2021-06-06 12:39:20.804163
ARG,Argentina,"45,578,392",2021-06-06 12:39:20.804163
SDN,Sudan,"44,838,554",2021-06-06 12:39:20.804163
DZA,Algeria,"44,566,063",2021-06-06 12:39:20.804163
UKR,Ukraine,"43,484,390",2021-06-06 12:39:20.804163
IRQ,Iraq,"41,114,473",2021-06-06 12:39:20.804163
AFG,Afghanistan,"39,774,197",2021-06-06 12:39:20.804163
CAN,Canada,"38,045,951",2021-06-06 12:39:20.804163
POL,Poland,"37,800,700",2021-06-06 12:39:20.804163
MAR,Morocco,"37,315,868",2021-06-06 12:39:20.804163
SAU,Saudi Arabia,"35,304,512",2021-06-06 12:39:20.804163
UZB,Uzbekistan,"33,904,854",2021-06-06 12:39:20.804163
AGO,Angola,"33,861,783",2021-06-06 12:39:20.804163
PER,Peru,"33,333,575",2021-06-06 12:39:20.804163
MYS,Malaysia,"32,749,029",2021-06-06 12:39:20.804163
MOZ,Mozambique,"32,102,453",2021-06-06 12:39:20.804163
GHA,Ghana,"31,688,005",2021-06-06 12:39:20.804163
YEM,Yemen,"30,446,149",2021-06-06 12:39:20.804163
NPL,Nepal,"29,642,469",2021-06-06 12:39:20.804163
VEN,Venezuela,"28,689,291",2021-06-06 12:39:20.804163
MDG,Madagascar,"28,378,089",2021-06-06 12:39:20.804163
CMR,Cameroon,"27,178,819",2021-06-06 12:39:20.804163
CIV,Ivory Coast,"27,008,501",2021-06-06 12:39:20.804163
PRK,North Korea,"25,879,871",2021-06-06 12:39:20.804163
AUS,Australia,"25,768,710",2021-06-06 12:39:20.804163
NER,Niger,"25,068,705",2021-06-06 12:39:20.804163
TWN,Taiwan,"23,852,416",2021-06-06 12:39:20.804163
LKA,Sri Lanka,"21,491,657",2021-06-06 12:39:20.804163
BFA,Burkina Faso,"21,457,254",2021-06-06 12:39:20.804163
MLI,Mali,"20,815,233",2021-06-06 12:39:20.804163
MWI,Malawi,"19,612,982",2021-06-06 12:39:20.804163
CHL,Chile,"19,205,215",2021-06-06 12:39:20.804163
ROU,Romania,"19,135,214",2021-06-06 12:39:20.804163
KAZ,Kazakhstan,"18,980,401",2021-06-06 12:39:20.804163
ZMB,Zambia,"18,884,603",2021-06-06 12:39:20.804163
SYR,Syria,"18,233,633",2021-06-06 12:39:20.804163
GTM,Guatemala,"18,227,541",2021-06-06 12:39:20.804163
ECU,Ecuador,"17,871,980",2021-06-06 12:39:20.804163
SEN,Senegal,"17,166,053",2021-06-06 12:39:20.804163
NLD,Netherlands,"17,170,578",2021-06-06 12:39:20.804163
KHM,Cambodia,"16,931,265",2021-06-06 12:39:20.804163
TCD,Chad,"16,882,192",2021-06-06 12:39:20.804163
SOM,Somalia,"16,328,301",2021-06-06 12:39:20.804163
ZWE,Zimbabwe,"15,076,533",2021-06-06 12:39:20.804163
GIN,Guinea,"13,473,089",2021-06-06 12:39:20.804163
RWA,Rwanda,"13,254,977",2021-06-06 12:39:20.804163
BEN,Benin,"12,429,064",2021-06-06 12:39:20.804163
BDI,Burundi,"12,231,107",2021-06-06 12:39:20.804163
TUN,Tunisia,"11,928,106",2021-06-06 12:39:20.804163
BOL,Bolivia,"11,822,245",2021-06-06 12:39:20.804163
BEL,Belgium,"11,629,365",2021-06-06 12:39:20.804163
HTI,Haiti,"11,532,361",2021-06-06 12:39:20.804163
SSD,South Sudan,"11,368,652",2021-06-06 12:39:20.804163
CUB,Cuba,"11,318,068",2021-06-06 12:39:20.804163
DOM,Dominican Republic,"10,946,655",2021-06-06 12:39:20.804163
CZE,Czech Republic,"10,723,601",2021-06-06 12:39:20.804163
GRC,Greece,"10,374,170",2021-06-06 12:39:20.804163
JOR,Jordan,"10,262,903",2021-06-06 12:39:20.804163
AZE,Azerbaijan,"10,217,713",2021-06-06 12:39:20.804163
PRT,Portugal,"10,169,932",2021-06-06 12:39:20.804163
SWE,Sweden,"10,156,082",2021-06-06 12:39:20.804163
HND,Honduras,"10,052,419",2021-06-06 12:39:20.804163
ARE,United Arab Emirates,"9,984,237",2021-06-06 12:39:20.804163
TJK,Tajikistan,"9,735,580",2021-06-06 12:39:20.804163
HUN,Hungary,"9,635,975",2021-06-06 12:39:20.804163
BLR,Belarus,"9,443,327",2021-06-06 12:39:20.804163
PNG,Papua New Guinea,"9,107,508",2021-06-06 12:39:20.804163
AUT,Austria,"9,040,525",2021-06-06 12:39:20.804163
ISR,Israel,"8,780,817",2021-06-06 12:39:20.804163
CHE,Switzerland,"8,711,285",2021-06-06 12:39:20.804163
SRB,Serbia,"8,700,169",2021-06-06 12:39:20.804163
TGO,Togo,"8,464,839",2021-06-06 12:39:20.804163
SLE,Sierra Leone,"8,130,355",2021-06-06 12:39:20.804163
HKG,Hong Kong,"7,549,066",2021-06-06 12:39:20.804163
LAO,Laos,"7,372,481",2021-06-06 12:39:20.804163
PRY,Paraguay,"7,213,838",2021-06-06 12:39:20.804163
LBY,Libya,"6,952,928",2021-06-06 12:39:20.804163
BGR,Bulgaria,"6,900,114",2021-06-06 12:39:20.804163
LBN,Lebanon,"6,771,006",2021-06-06 12:39:20.804163
NIC,Nicaragua,"6,697,148",2021-06-06 12:39:20.804163
KGZ,Kyrgyzstan,"6,621,430",2021-06-06 12:39:20.804163
SLV,El Salvador,"6,516,370",2021-06-06 12:39:20.804163
TKM,Turkmenistan,"6,112,148",2021-06-06 12:39:20.804163
SGP,Singapore,"5,893,456",2021-06-06 12:39:20.804163
DNK,Denmark,"5,811,879",2021-06-06 12:39:20.804163
COG,Republic Of The Congo,"5,647,713",2021-06-06 12:39:20.804163
FIN,Finland,"5,547,822",2021-06-06 12:39:20.804163
NOR,Norway,"5,462,571",2021-06-06 12:39:20.804163
SVK,Slovakia,"5,460,697",2021-06-06 12:39:20.804163
OMN,Oman,"5,215,128",2021-06-06 12:39:20.804163
PSE,Palestine,"5,214,721",2021-06-06 12:39:20.804163
LBR,Liberia,"5,171,956",2021-06-06 12:39:20.804163
CRI,Costa Rica,"5,136,066",2021-06-06 12:39:20.804163
IRL,Ireland,"4,979,995",2021-06-06 12:39:20.804163
CAF,Central African Republic,"4,914,083",2021-06-06 12:39:20.804163
NZL,New Zealand,"4,858,024",2021-06-06 12:39:20.804163
MRT,Mauritania,"4,766,749",2021-06-06 12:39:20.804163
PAN,Panama,"4,377,149",2021-06-06 12:39:20.804163
KWT,Kuwait,"4,324,218",2021-06-06 12:39:20.804163
HRV,Croatia,"4,083,242",2021-06-06 12:39:20.804163
MDA,Moldova,"4,024,704",2021-06-06 12:39:20.804163
GEO,Georgia,"3,980,426",2021-06-06 12:39:20.804163
ERI,Eritrea,"3,597,796",2021-06-06 12:39:20.804163
URY,Uruguay,"3,484,392",2021-06-06 12:39:20.804163
MNG,Mongolia,"3,325,887",2021-06-06 12:39:20.804163
BIH,Bosnia And Herzegovina,"3,264,812",2021-06-06 12:39:20.804163
JAM,Jamaica,"2,972,655",2021-06-06 12:39:20.804163
ARM,Armenia,"2,967,809",2021-06-06 12:39:20.804163
QAT,Qatar,"2,926,906",2021-06-06 12:39:20.804163
ALB,Albania,"2,873,300",2021-06-06 12:39:20.804163
PRI,Puerto Rico,"2,830,678",2021-06-06 12:39:20.804163
LTU,Lithuania,"2,692,040",2021-06-06 12:39:20.804163
NAM,Namibia,"2,584,260",2021-06-06 12:39:20.804163
GMB,Gambia,"2,482,246",2021-06-06 12:39:20.804163
BWA,Botswana,"2,394,255",2021-06-06 12:39:20.804163
GAB,Gabon,"2,275,228",2021-06-06 12:39:20.804163
LSO,Lesotho,"2,157,929",2021-06-06 12:39:20.804163
MKD,North Macedonia,"2,082,731",2021-06-06 12:39:20.804163
SVN,Slovenia,"2,078,724",2021-06-06 12:39:20.804163
GNB,Guinea Bissau,"2,012,313",2021-06-06 12:39:20.804163
LVA,Latvia,"1,868,215",2021-06-06 12:39:20.804163
BHR,Bahrain,"1,745,212",2021-06-06 12:39:20.804163
GNQ,Equatorial Guinea,"1,446,763",2021-06-06 12:39:20.804163
TTO,Trinidad And Tobago,"1,403,106",2021-06-06 12:39:20.804163
TLS,Timor Leste,"1,342,184",2021-06-06 12:39:20.804163
EST,Estonia,"1,325,283",2021-06-06 12:39:20.804163
MUS,Mauritius,"1,273,335",2021-06-06 12:39:20.804163
CYP,Cyprus,"1,215,021",2021-06-06 12:39:20.804163
DJI,Djibouti,"1,001,257",2021-06-06 12:39:20.804163
FJI,Fiji,"902,490",2021-06-06 12:39:20.804163
RU,Reunion,"901,270",2021-06-06 12:39:20.804163
COM,Comoros,"887,178",2021-06-06 12:39:20.804163
GUY,Guyana,"790,081",2021-06-06 12:39:20.804163
BTN,Bhutan,"779,335",2021-06-06 12:39:20.804163
SLB,Solomon Islands,"702,846",2021-06-06 12:39:20.804163
MAC,Macau,"657,758",2021-06-06 12:39:20.804163
LUX,Luxembourg,"634,202",2021-06-06 12:39:20.804163
MNE,Montenegro,"628,053",2021-06-06 12:39:20.804163
ESH,Western Sahara,"610,921",2021-06-06 12:39:20.804163
SUR,Suriname,"591,457",2021-06-06 12:39:20.804163
CPV,Cape Verde,"561,506",2021-06-06 12:39:20.804163
MDV,Maldives,"543,323",2021-06-06 12:39:20.804163
MLT,Malta,"442,686",2021-06-06 12:39:20.804163
BRN,Brunei,"441,263",2021-06-06 12:39:20.804163
BLZ,Belize,"404,425",2021-06-06 12:39:20.804163
BHS,Bahamas,"396,668",2021-06-06 12:39:20.804163
MTQ,Martinique,"374,794",2021-06-06 12:39:20.804163
ISL,Iceland,"343,206",2021-06-06 12:39:20.804163
VUT,Vanuatu,"313,975",2021-06-06 12:39:20.804163
NCL,New Caledonia,"288,047",2021-06-06 12:39:20.804163
BRB,Barbados,"287,687",2021-06-06 12:39:20.804163
PYF,French Polynesia,"282,432",2021-06-06 12:39:20.804163
MYT,Mayotte,"279,074",2021-06-06 12:39:20.804163
STP,Sao Tome And Principe,"223,074",2021-06-06 12:39:20.804163
WSM,Samoa,"200,051",2021-06-06 12:39:20.804163
LCA,Saint Lucia,"184,351",2021-06-06 12:39:20.804163
GUM,Guam,"170,081",2021-06-06 12:39:20.804163
CUW,Curacao,"164,749",2021-06-06 12:39:20.804163
KIR,Kiribati,"121,270",2021-06-06 12:39:20.804163
FSM,Micronesia,"116,181",2021-06-06 12:39:20.804163
GRD,Grenada,"112,997",2021-06-06 12:39:20.804163
VCT,Saint Vincent And The Grenadines,"111,263",2021-06-06 12:39:20.804163
ABW,Aruba,"107,204",2021-06-06 12:39:20.804163
TON,Tonga,"106,687",2021-06-06 12:39:20.804163
VIR,United States Virgin Islands,"104,250",2021-06-06 12:39:20.804163
SYC,Seychelles,"98,884",2021-06-06 12:39:20.804163
ATG,Antigua And Barbuda,"98,682",2021-06-06 12:39:20.804163
IMN,Isle Of Man,"85,410",2021-06-06 12:39:20.804163
AND,Andorra,"77,355",2021-06-06 12:39:20.804163
DMA,Dominica,"72,167",2021-06-06 12:39:20.804163
CYM,Cayman Islands,"66,497",2021-06-06 12:39:20.804163
BMU,Bermuda,"62,090",2021-06-06 12:39:20.804163
MHL,Marshall Islands,"59,610",2021-06-06 12:39:20.804163
MNP,Northern Mariana Islands,"57,917",2021-06-06 12:39:20.804163
GRL,Greenland,"56,877",2021-06-06 12:39:20.804163
ASM,American Samoa,"55,100",2021-06-06 12:39:20.804163
KNA,Saint Kitts And Nevis,"53,544",2021-06-06 12:39:20.804163
FRO,Faroe Islands,"49,049",2021-06-06 12:39:20.804163
MAF,Sint Maarten,"43,412",2021-06-06 12:39:20.804163
MCO,Monaco,"39,511",2021-06-06 12:39:20.804163
MAF,Saint Martin,"39,234",2021-06-06 12:39:20.804163
TCA,Turks And Caicos Islands,"39,231",2021-06-06 12:39:20.804163
LIE,Liechtenstein,"38,250",2021-06-06 12:39:20.804163
SMR,San Marino,"34,017",2021-06-06 12:39:20.804163
GIB,Gibraltar,"33,698",2021-06-06 12:39:20.804163
PLW,Palau,"18,169",2021-06-06 12:39:20.804163
COK,Cook Islands,"17,565",2021-06-06 12:39:20.804163
AIA,Anguilla,"15,117",2021-06-06 12:39:20.804163
TUV,Tuvalu,"11,931",2021-06-06 12:39:20.804163
WLF,Wallis And Futuna,"11,094",2021-06-06 12:39:20.804163
NRU,Nauru,"10,876",2021-06-06 12:39:20.804163
BL,Saint Barthelemy,"9,907",2021-06-06 12:39:20.804163
SPM,Saint Pierre And Miquelon,"5,766",2021-06-06 12:39:20.804163
MSR,Montserrat,"4,977",2021-06-06 12:39:20.804163
FLK,Falkland Islands,"3,533",2021-06-06 12:39:20.804163
NIU,Niue,"1,619",2021-06-06 12:39:20.804163
TKL,Tokelau,"1,373",2021-06-06 12:39:20.804163
VAT,Vatican City,800,2021-06-06 12:39:20.804163
